City,Sales,TV_Ad_Spend,Radio_Ad_Spend,Social_Media_Ad_Spend
City_A,53417.559757771596,12603.482578797597,4769.599285794233,2428.6479288206247
City_B,68761.70839215886,13123.022393453706,4075.7668557316956,3054.700144078753
City_A,59504.2383818605,,5890.198411124787,3603.145287148561
City_A,44230.96344337597,8493.164259307632,6035.249334723752,3097.3422790573923
City_A,41015.853286516416,,3153.8121377619063,1896.1024624663019
City_B,54919.191715065055,8644.569260495788,4070.4891398075897,2438.0228892344103
City_A,36797.66792979358,14026.774495053247,3503.470744909921,2948.2189954839355
City_A,68314.58765854353,10273.070662165475,4349.976065593102,2947.0340769719187
City_A,61794.40120721287,9269.356897375783,4916.5620302096395,4380.779523752866
City_B,45308.24347895295,10369.360611729817,3550.35478030147,2029.8084403207013
City_A,32868.65470909122,7305.747420940606,4078.140186874687,3353.9124692851124
City_A,63538.72374165413,8056.771922978697,3996.0426279185012,4042.379175829803
City_A,48854.60154747382,12400.82781588885,5207.267329398944,4590.014821795958
City_A,62378.163119734614,8686.211442057209,5069.34433703625,2716.921803771227
City_B,34055.72341205633,7906.178034636121,4278.262446662747,3344.00061690414
City_A,44006.24977046227,11073.305505054572,5176.820872139398,3398.8322500390527
City_B,50052.43699718183,12371.408309325994,4453.319915412734,3136.8372120873037
City_B,50469.80593764742,11437.906621330134,4728.344889673946,2930.8083591324857
City_B,45499.345285207564,11992.095371611633,6673.452090298537,3305.1827726500323
City_A,56228.499323474985,8486.409822861078,6340.4610517903475,1227.4277403462204
City_B,39323.79570617406,7156.3786665163125,3700.4187630724023,3477.448643043842
City_A,,13002.667303910974,5829.732417879174,3088.324532563377
City_B,51202.95631711899,9354.640322315729,5811.396554491592,2844.2675722552144
City_B,55144.38834058749,9498.333967089906,,4432.8035370036905
City_B,57116.1487808889,12656.388283698116,5818.777643754861,2527.5461868466136
City_B,38753.57908162131,11112.46001880132,6537.9319184125525,2717.8468076544787
City_B,34658.85829264378,,3877.455193755586,4394.087311543313
City_B,62776.76821898509,14330.004689802168,4082.4971789857364,2417.5570866051003
City_B,53323.14011979592,8712.963539239714,6017.661466843502,2614.919301944423
City_B,42515.134634434464,11855.680256162474,5271.495310825648,
City_A,65511.51975522523,10114.02624979417,5551.476275239524,3588.5141374906843
City_A,51156.746342928585,10537.184557726514,5340.589216400496,3145.4617551473193
City_B,61792.97184063826,13056.936852825063,5390.695920928144,2095.162256993416
City_B,50675.18481410109,11015.671512579247,,2627.482005810967
City_B,70607.47924881987,11076.592158099265,6047.317706621448,2574.851896751452
City_A,67553.40842443204,12145.014674619604,,2945.945268343868
City_B,47510.358515209264,9270.09454091423,4770.609255931972,3298.0905610408804
City_A,59715.70950954355,8321.580665321988,4956.523050186138,3292.7440291215803
City_A,56453.759495851475,7910.381611957933,3468.892497444278,1756.7917721661186
City_A,63686.31557532349,6067.286821247997,,3744.758691292599
City_A,40350.765394198956,14112.414259880645,5572.057441714144,3176.7981921976366
City_A,56860.514599984395,7793.583268556634,4937.808983000689,3969.1724333157345
City_B,60584.24486849588,9557.492752828455,6124.353359870503,
City_B,32412.605135768856,9446.373400222159,4665.92276902006,3770.926070415034
City_B,38167.41487334225,10614.813395618201,5564.6059258936,3326.581718015089
City_B,29607.678222398994,11631.474425078593,3980.3356613078845,
City_B,47305.93165555442,11720.946976719491,4976.447849125762,3365.575445212445
City_A,57175.422557959624,8833.845122862123,4825.645742097164,2931.459327489967
City_B,65023.57052096028,9665.756572427177,5225.307922040942,4590.704304312817
City_B,50740.94780419775,10565.1599009766,4630.473071166642,3622.3259855959245
City_A,66286.15545571291,9502.617747632907,4868.5274043283325,3401.621094703089
City_B,36198.98541785109,13214.691152039984,5826.047171441506,
City_A,32966.17560644845,10981.949903276503,4563.235762761782,2098.184667775524
City_B,49444.52301103381,11469.755572099635,3393.4228992613207,3204.9008374992973
City_A,53840.65448939307,11325.762537334826,6749.58390420542,3101.8648384377684
City_B,49673.05251905907,12346.94771497065,6381.454078690486,2570.114204494179
City_B,29325.578999601235,10362.043117407415,3707.7373048943814,3098.687889728442
City_A,49108.79960487212,7406.3361040883065,5689.707805245194,4112.038849630517
City_A,36955.30499495147,10799.375903505283,4497.025229448657,3486.781732185209
City_A,56696.725488300384,8697.286212416342,5263.48721533106,2201.294043173083
City_A,53665.98246096848,8942.766636500486,5294.224129013493,2921.9438209999394
City_A,40601.202136726446,11172.728037510187,4765.592199683678,2436.5234634032076
City_A,44861.330826633064,12476.566142867272,4216.234334413603,2728.610058514007
City_A,39407.86478111048,10042.543153472123,4309.458947683741,2710.46903405925
City_A,49373.20902726828,10617.666025197928,4083.808084518758,2665.6480921771963
City_B,59551.42320501238,13404.429889270476,4168.177791769555,2121.4052396186235
City_B,40142.73953664456,10481.506358977136,4932.821709950645,2910.641722937267
City_A,55040.46515517844,15203.36622836079,4284.240010889248,2607.5746542068828
City_B,44697.423816275594,11131.019291263088,5682.05206571262,949.3859169984125
City_B,42071.27167737656,6478.474481688365,6487.246155335927,4437.0804171511645
City_B,48929.69640045442,11506.683242209065,4419.946758629957,3762.1387579516704
City_B,39647.57677580626,10762.316769765555,5239.404500535377,2736.5894925525026
City_A,44463.50694652818,12579.505508165492,5499.685110302934,3013.173334818419
City_B,38021.22107411151,11346.362702539916,5472.002270919274,2179.8419568777067
City_A,69647.25132916389,9723.088032032452,5075.955267916087,4187.006014467605
City_B,50352.63551971729,,5742.682418359723,4328.102086341178
City_B,43002.74492007415,9581.95348542795,5482.248952680658,3109.685609772567
City_B,52139.799107342216,8298.9590915814,3762.337577672702,3716.4714509297414
City_A,48876.7195030917,8838.953100390554,5869.1560643892735,3122.700745253747
City_B,47790.30400466777,11177.156808841219,5887.2908372667425,2064.2921927868483
City_A,56141.66700043425,13339.809008702812,4236.713895821418,2711.72364172544
City_B,57575.07710047305,10789.343059645962,5037.937835447602,3092.34957674037
City_A,44694.988523894724,7608.233875929631,5683.32899281107,2681.8165968795893
City_B,44241.8175935532,10889.205336440282,4790.686180420638,2846.942705795475
City_A,47249.48302848356,12393.262973291303,6072.9780477660115,2936.0203097436197
City_A,26980.78835264415,8780.434191361235,7363.872494619361,2943.385051494177
City_B,34848.089378014476,9731.965666654165,4214.013967365017,3036.580943348238
City_A,63668.742674445246,10029.376389458394,3618.955396846225,2257.5764535223793
City_B,66449.67713501284,8430.20337383552,5303.818595604876,2498.0886956104446
City_B,47509.63960443622,11296.560867687718,5721.562505126143,2100.7910140100216
City_B,55765.569630557664,9758.103702784438,4769.1336261552315,3684.4708847803404
City_B,53112.50154543536,10839.064887814056,6453.260663321034,1526.0471407117727
City_B,80788.80808455238,8225.0156443958,3661.3942002767512,3807.5132403218477
City_B,61195.74911434577,9125.08339935318,5692.918623031611,3970.4445780839906
City_B,48720.82408519233,,4394.139179241107,2788.473589112165
City_B,40444.59559399574,9254.333695816465,6719.377906207297,1177.804038520891
City_B,33935.536797424276,13453.92770246681,6992.515353168118,2747.0826066228965
City_B,52034.63635867223,9200.727628770795,,2955.0710870978264
City_B,42436.492547156966,10449.369451503771,4450.44286409142,2292.5812460497605
City_A,35777.462904023254,11865.18166374618,5859.587886979802,2639.34712433423
City_A,43534.27115757474,7163.268534133937,4612.869350210485,4071.136639204346
City_B,39184.51996385605,,4954.588782067762,3465.4490136112186
City_B,66871.41635072565,6948.6873708598105,5025.38842054241,2352.80511993533
City_B,58816.397569494504,12525.168206854363,3080.326843802344,1881.6805812831974
City_B,49920.27358683383,8896.283708215107,4986.162253905763,2771.08787767316
City_B,64799.44138890026,15116.398571336504,4310.272225935826,2850.580254454693
City_B,50773.68307647618,8871.504802685224,4506.877177600228,3347.3394311543216
City_B,41387.157986717364,10369.102606394074,6443.632003468814,
City_B,65231.240772696576,13084.219905135751,3743.4931057207436,3358.049702753303
City_A,55389.10043684659,14012.185776318245,5813.205186747977,4354.607828042161
City_B,39627.538456735434,14123.007153272796,4721.037069668191,3570.850715710984
City_A,48096.61321916392,12416.732461186286,4720.2398315041655,2966.3380448684593
City_B,41243.817466152424,12048.125051622925,5790.371896051712,2871.7946702626937
City_B,36172.00269035664,11185.053898402366,5340.051294568891,2750.32880607409
City_A,59261.77547531641,11556.722152333276,5570.612997219531,3826.448638716501
City_B,69094.1664047013,8897.628567342934,5968.184660532861,2560.880587834088
City_A,36014.324261808586,8363.602233155385,4668.691616816677,3031.655896299988
City_B,55629.69236690571,9993.251085178095,4387.76326549225,3035.8385313167596
City_B,43493.57430878173,9659.630754950143,3914.849473442202,2648.7510650319277
City_A,45128.74616235304,,4174.589470021045,2039.2741164811296
City_B,44076.06075761131,11392.774894913431,7949.0944253087255,3226.0821525323677
City_A,41360.09230320184,11910.61041714102,6244.679580736787,2957.2972197012314
City_B,50485.21627944827,10176.813772583695,3648.9256337919787,3350.168328605599
City_A,,12955.060162110523,3677.5420432564297,2626.4797854925832
City_A,52704.56825779839,7716.62177173299,5481.866061718491,3854.574909169133
City_B,49497.61890550863,9612.681081440564,5547.264797377967,2386.2583531517084
City_B,47610.5195313359,8566.35535879439,5548.883835317364,4198.428198812525
City_A,40924.36337958402,6266.92676585388,4745.044206446302,1776.654443120217
City_B,44232.286694316674,9834.638628314602,4874.5457399971,3304.339045189824
City_B,57553.91225825756,9756.504983233433,5327.879524159357,3332.8014777686362
City_B,55009.17187624381,13026.899486484263,5085.8930062933305,2443.1100524413823
City_A,40224.44755201449,11261.623369109555,2780.699627252465,3297.075756502709
City_A,50993.32305429226,7951.626351341591,4770.200369424806,3895.663068832111
City_A,57513.87123371789,13708.185132668375,4148.593565739687,1448.226812452155
City_A,33305.94718878628,,5175.211418908512,3351.92136524357
City_A,55433.60192379935,11164.195406937231,,1254.7104257689457
City_A,43373.76241054153,9547.031802300336,5367.4816654743045,2324.0346375337544
City_A,55705.986685931595,8081.121526553041,4686.470313827602,4140.416455430662
City_A,42367.408434574834,9255.586447857893,5921.801501977252,2592.752576625562
City_A,31951.17899335481,12177.497239408372,5482.687887209213,2178.2840249137193
City_B,33724.57562116838,13769.172611869219,5420.094490451841,2861.443589710723
City_A,50480.84946661382,13086.487056544378,5606.850593215671,4447.534436714486
City_B,52597.22501721482,,7056.5435648295415,1717.8224269557818
City_B,40956.83374895591,7760.765133421977,3869.1115646740845,2264.0830618524587
City_B,,10281.772493822407,5473.632076811455,4048.2021782257384
City_A,33384.7993773104,6463.121268874296,4073.6188700184616,4300.391640476413
City_A,49339.20201352683,10646.335428369563,5555.512646342248,2927.5981429968015
City_A,37889.83800237543,9704.794827402662,4081.3134885139057,2132.66310823135
City_A,43481.63892197841,9067.926996263515,4582.633186394915,4467.090451266411
City_B,50473.98671316414,6810.59386546641,4704.910085762093,4116.109674224437
City_A,41395.866347160474,,5975.816719344709,3475.2628914335633
City_A,46154.44455770175,8934.598320676178,5918.4544439424135,
City_A,60062.92809214441,7660.166328579424,3754.282623553616,2965.679461413374
City_A,44231.081304768515,4255.475573436702,5054.934110999849,2887.7479432686187
City_A,58356.921120651416,9944.970189898728,4290.420145250828,3231.5959132309044
City_B,38702.93145342382,13544.503193339488,3741.4950893246655,4015.701006691935
City_A,55298.04177915283,13322.51842909574,4782.982949575629,3615.5919287961824
City_B,64415.686206579005,9085.807486827456,4691.51721154418,2245.836746110669
City_A,25283.554998727108,8795.575879276439,7426.716486345522,
City_B,42031.04744529523,,5432.959825360696,3219.1924980092085
City_A,55770.7212718054,8003.229121623417,3622.382499245763,3480.9460571012414
City_A,47969.54613957007,10603.583799638933,4435.225995829058,4026.5786014950218
City_B,53711.45873371309,11532.16055676938,6021.3832954293985,2221.893825340514
City_B,43960.148132841794,12453.866447768614,7088.442772869925,2974.922094905476
City_B,50865.897874729,9799.691847040094,3414.016687762042,2627.9818140485495
City_A,48443.227646079205,9592.652499646068,3120.0756148609553,1902.4984022441809
City_B,61677.820616598074,8244.034826486877,6870.965175371783,3242.6969843234438
City_A,52544.20843301213,8346.23929192028,5389.614177370904,4758.089586109097
City_A,53376.02662075202,9547.042216196947,4131.707268123633,1711.9455788459732
City_B,45881.23033877533,10734.731013632356,5534.629086122435,2977.4035722653707
City_B,45123.93775927507,11827.1692524665,2364.252260983122,3448.3800545523413
City_A,45674.41812180379,8393.64209863931,5003.375506597161,3086.154741159327
City_A,53944.52142378297,12985.377137919044,5327.821172843085,2920.8103632389816
City_B,45790.15519179737,,5924.27013953783,2090.548545587923
City_B,52897.74856896413,,3986.104047707462,3162.9507200581147
City_B,70754.00798645438,8505.576641704352,5085.687161403359,2470.2652160888515
City_A,,5151.519479454117,4074.5753739404126,
City_A,46739.76467832159,11768.0907927221,5255.383755674317,3836.2145543596116
City_A,62012.139221639445,11473.687794184867,4104.653677636976,3670.8700738894295
City_A,45919.24626978449,9437.344885763574,4591.899160839779,3036.162683795756
City_A,29618.75464822146,10133.981434449744,4004.184605209771,3160.3522817439916
City_A,39919.13689082596,11031.878435408198,5651.136241823657,
City_B,31292.08078974144,6874.908286226915,5858.451116656665,3157.0377597446577
City_A,,8941.89464530741,4765.379430042586,3632.81228833292
City_A,50184.18379189551,11588.529359243654,5038.237994960028,2791.7624593883047
City_A,66764.37312275282,7491.421153661501,3551.4085853664556,3918.3886170017627
City_B,53269.273737641626,10587.115864333258,4700.323351993213,3224.550008152879
City_A,47808.99471191136,7286.836390753189,4949.795382958255,3135.836360524112
City_A,58294.05581183489,10932.859964867053,7620.793091029975,2110.9572379015776
City_B,,9928.717035405032,,3200.869098011196
City_A,52356.14558108566,6769.736368188981,6464.177238752438,2417.6315577538844
City_A,57708.65193886967,12329.478708914343,5996.858773465808,2553.202091430054
City_A,,8530.8168464039,5280.636404490137,2429.237060178715
City_A,61437.54043206929,8379.495125971238,6758.620484195133,2253.6355476705426
City_A,53384.96407494414,10401.138394461886,5372.105472606863,4487.339982111873
City_B,45847.120860991985,12297.27469885743,5389.1591956679285,3931.937343391882
City_B,56327.81866106285,7968.356362043206,,4344.257251500983
City_B,72706.92857804397,10123.359699695944,6223.568882418627,2143.9734863111053
City_A,51818.66255058495,10857.633000661146,6096.469233810883,3049.8776249376247
City_A,52482.20586300336,11386.211214526287,4374.322712503787,2094.544662357133
City_A,45406.39100459756,10352.88311055445,3680.7528054012328,2513.013585962055
City_B,41501.55630535208,9265.944321833354,4797.019362604343,2357.3111116083974
City_A,58303.358165442456,8344.81955870256,4199.961435602354,3867.708804509093
City_A,41439.161740911324,10172.28776609275,4936.475425384645,2722.639225328768
City_B,50715.662372193925,7855.721976028786,6237.438134684139,3747.8655335858116
City_A,,4157.299033010785,4542.69834491321,3422.8846227119625
City_B,54789.79825746392,,4957.176618688425,4612.547126473352
City_B,53336.62105286948,11807.86968217239,5058.022734808395,1964.389043802193
City_B,60375.39944257899,5274.135128916323,5848.430882205284,3881.463267850759
City_A,44899.83601145253,7980.538590580125,2753.1106660153946,3802.5086092805095
City_A,47301.250647066285,11238.308522010395,4393.299705234704,2318.6348133810757
City_A,40212.362842176924,14114.990939423398,5211.283692279473,3704.993335531212
City_A,45557.067399238884,10041.587415350816,6200.078956426862,3235.30147411836
City_A,53773.00493044852,8543.994117541732,4508.097552493795,
City_A,57569.88616645352,9634.20711779032,3123.447293958126,2423.2451591196004
City_A,40778.34675822375,12749.75283829637,5619.711445966136,2496.62338398557
City_B,58696.0592010566,8708.071641750928,4364.63761117437,4434.868467050148
City_A,63556.37858804951,8401.615986699493,3810.3333409096385,3000.4779732702377
City_B,54134.349032237005,9034.512955635935,4375.654610286776,3547.4910010720214
City_A,68767.95812558066,8093.342783482575,4815.47464234415,2446.370432832713
City_A,42262.10800896427,10245.340631989591,4395.255335461788,2454.102937644853
City_A,37553.45296688583,13249.356916939121,2794.433942900931,3757.3893664749594
City_B,,10646.158546232058,5897.066196887132,2055.2966519139272
City_B,64960.44311489183,9495.292995747424,6274.875041278722,2709.35036246631
City_B,56543.65656354058,9416.377462168912,5651.521991339506,3023.8191877505624
City_B,49444.15329089545,6873.618382606686,3862.3143295751834,3077.9608212880366
City_A,52799.6862631982,11766.219554294317,4798.508466052482,
City_B,38745.10952701623,9844.325605974396,4993.478684770542,3277.0738467671463
City_A,74457.51979616826,9639.040172818748,5598.79438956191,3484.999029072468
City_A,51292.21181975227,16386.215135689723,5668.34048871808,3514.246281821531
City_B,51093.94794604893,10597.505816731373,4265.826201221505,2309.937333932521
City_B,57257.666238986916,8496.417899809632,5081.995556413561,2801.091431449842
City_B,54810.09231736713,9147.284807588914,5457.280404615241,3836.3340033138566
City_B,52238.84024279132,12296.891418393509,6455.822322146767,3626.2530313017105
City_B,42095.25544554688,10226.540821075529,5704.506539824723,2038.9983839632553
City_B,54714.68357135996,7123.444043365267,5789.056687375519,3246.0359302465413
City_B,68820.24496475034,11838.457869150407,5083.826627929361,1615.2423254376329
City_B,63454.20046154978,8663.711828922013,6410.459145203504,3032.854431442259
City_A,65931.86626639398,13746.59555243509,5409.762795959497,4328.436911722184
City_B,44887.843235688146,12160.096131429298,4138.91208982643,2336.47509791171
City_B,40103.95179741419,9105.356208682497,6403.369970125191,2415.9738681558924
City_A,48742.13079900352,12562.032723470225,5697.903272539028,
City_B,50557.24912288695,10135.711021054807,4556.955978871518,1920.0389393532478
City_A,60941.91518470948,11705.547350244438,4520.507032600756,2557.0714790804727
City_A,33075.353702851804,10969.465634588949,5296.575545140762,3417.508796307227
City_B,65295.503194606135,8307.286690018253,5463.184795267584,2555.9999066174178
City_A,48419.92101421011,8712.900335365077,5197.292265631207,2834.82100895232
City_A,45731.1893005258,,5311.308673442885,
City_A,39878.956247398324,9330.449335786918,6699.957374576381,3295.082258475593
City_A,33451.43328134231,,6071.543152234885,3186.7728774067814
City_B,58231.70583961914,,5190.635591265024,2762.6144045109727
City_A,50733.17967188404,10847.198131186922,5941.310580767484,3259.042780688269
City_B,37100.39100258946,14125.049838486291,3967.4760964724605,2913.38712393017
City_A,37049.21227936384,7864.934171491454,5397.927049946809,3320.4639269480494
City_A,46642.15300709872,10048.438913345517,6809.30634973311,2652.1475824174154
City_A,66690.21525289393,12824.44111083086,4781.9541046076265,2872.201717934321
City_A,47404.08648636395,9840.717217508569,4152.366071380915,2307.02954521359
City_B,34968.570468818936,10904.743592499468,4347.911111406939,2975.494672995635
City_B,47542.56935914056,7875.21294370624,3910.3669626576116,2432.2993954598087
City_A,47272.7643025233,,4215.2380918722965,2220.1674848866046
City_A,23031.133570584283,,4629.491901409971,3181.0628034987717
City_B,49457.05133482188,11971.459991359727,,3148.917843100362
City_A,47690.65469791322,12374.772103129502,5015.618333949603,3548.0116144640006
City_A,56962.063648134186,15179.127284037228,5902.277173786647,2698.2121012974308
City_A,68489.56094945344,11159.266346427152,4092.2438198530795,3285.636992785729
City_B,61265.65029547757,10651.592633164333,6519.2839236417685,3385.558300591564
City_B,47311.11309445169,10388.768603154673,5510.792088527594,3311.3416654821162
City_B,,9293.667414378624,6030.580585624057,2422.0424220385003
City_A,75733.5980324986,10676.967686923383,4342.165446147863,3104.554437589832
City_A,50592.184340144886,9409.197179721941,5854.525227066616,3254.898207238263
City_B,50139.29291912946,10336.92195253923,3908.066099604687,3005.024926835559
City_B,49758.749128899966,12635.19507121592,5890.247500836509,
City_B,51980.84760767855,7986.914869440718,5171.8393397935315,3112.342736781436
City_B,48556.395880760574,,5553.251219984783,4548.77172757807
City_A,44263.37993119764,12634.23013467973,3824.4053943751483,2747.972511870112
City_B,44531.41058759608,9763.862946017842,4104.9301577233955,2490.3460315012753
City_A,49672.46729784002,5756.290201982811,5597.2282182533845,
City_B,44565.75228866235,8784.356025811136,4051.651995775799,3218.6647473266003
City_A,42871.54217322836,12593.989093122218,5463.206292099123,3834.91461579149
City_B,51064.30227691897,9954.263875402235,3632.862193539754,2119.4922908637786
City_B,47450.227825791444,8001.395535410178,5848.174212666669,3511.966176802495
City_B,65039.92988582689,,3767.4766852314906,3413.2954428760245
City_B,23490.30191606988,11681.240053009105,5552.299937679523,
City_A,60915.06851922462,11093.467136402758,5625.630933646001,3237.081122545183
City_B,62460.85192497629,9522.135801660612,,3720.62023711885
City_A,29266.097675918507,9266.351176370625,5582.026567084727,3610.620766019915
City_A,46573.12405919651,9216.483701912357,5260.442263333556,2199.88648154839
City_A,46285.59134004208,8155.179631002995,4461.158143807262,3574.1107307288394
City_A,35924.88305282179,13230.751378938883,3991.445315923792,2954.7179764772372
City_B,,9355.359061577321,,3051.011868610861
City_A,38894.24154534171,12434.317041650993,,
City_A,67522.70443423622,13042.632103844902,3435.197228637945,2894.829907841218
City_A,59356.78393147461,11996.62179629592,5095.344199441308,3834.1952479749452
City_B,62715.550949941586,9136.759374563902,4736.551783917751,2941.3974281055516
City_B,57216.72064043235,10807.460180673219,5679.142775438196,2216.317710131782
City_B,38709.482287827705,9951.608787218167,4697.954500510135,2724.52910082119
City_B,44754.79733720226,8192.596278539744,4670.552213652909,3125.0863017673328
City_A,54893.74561227918,10648.718563443206,5731.870704288295,3860.450349007935
City_A,37778.721911080545,7641.920417680395,5335.058029084117,3422.1662794641834
City_B,57129.98430172388,12375.358776923127,5316.155957182778,2404.625304877069
City_A,,9070.765405403214,5469.267589808526,4739.632941675224
City_A,46251.791924504025,10402.31931174568,3464.4278767928945,3185.3427176845858
City_A,57109.59968203492,10566.575743092284,5756.788679986982,3892.7735165993104
City_B,54442.6331148604,9482.190052591845,5612.468794013603,2893.7998964959397
City_B,46390.3383418092,11173.38760295055,3983.3168714235026,3373.3514712938145
City_A,61593.29803364248,9050.192686754952,4755.919526325799,3587.6279531628834
City_B,39189.366724001025,11742.594594914488,4960.692712372369,3852.736298227979
City_B,56159.35606944264,7308.040639506503,4865.503215598267,3740.1578137647575
City_B,55931.01257968384,10252.759159092824,5333.859966568534,3610.5379000510848
City_B,46904.535606860096,13877.85799811657,6431.366781831183,2779.439288164124
City_B,53261.33022242118,7999.33735078885,,2599.777770630757
City_A,37488.86423614697,8644.510058950296,3687.780806568594,
City_B,59240.27019206901,11027.81569931783,5622.069990306049,3653.1896506387484
City_A,48150.97863557011,10359.163563879196,6328.933319535409,2844.095509456375
City_A,44772.7697948096,10701.26019854712,5386.808520689203,3745.620376000071
City_B,60490.092258368895,10978.374260295328,6090.980425185967,4016.8317218403254
City_A,42956.56309457241,11269.44293712354,7012.270445700765,2358.5753566486064
City_A,35915.3870363644,12219.399683912447,6023.709546106981,2414.1555073426043
City_A,34433.708264760964,10819.637313857025,5249.308595641729,2901.7374587662644
City_B,56060.0995134564,9517.484690762914,6045.088474084753,3215.3288677324376
City_B,37195.706475037165,11345.147402405462,5144.887833096891,2632.8030903630643
City_A,67547.94181984365,13799.763869790431,5023.903043284956,3946.541875207001
City_B,29180.70592116278,9734.732507234852,4648.5857642862675,3296.846803062916
City_B,66964.56368290038,8050.941390658717,6563.413358832108,3027.6129337685175
City_B,52110.17467202619,12214.161338573946,4181.571334057999,1994.8633332920308
City_B,49032.868881296075,9759.237672092804,6532.367724678116,2078.928928500745
City_A,44550.8091319105,5654.660907971927,5499.864123740372,3196.7064751972644
City_A,53991.361143520706,11694.843354300843,3600.693825198058,1507.1830616916147
City_B,49623.652975751516,8929.343628092154,5367.649292991422,3708.8461867508504
City_B,61033.01882016521,9818.933435391678,2899.973492348376,2889.2923089393757
City_A,51142.276486620394,10663.96066113803,5625.508016831036,5270.1650787163135
City_A,51503.01761461877,10380.999359558133,5885.231482988991,4615.541375431278
City_B,46363.87787786144,11418.903634278078,4407.644044347946,2872.9856515267384
City_A,49430.543762789326,9129.027258860313,5123.547695955583,2925.5640982280797
City_B,53078.01768892059,11026.211596352165,6954.157433750286,3696.907059801421
City_B,32898.31607343374,9480.906644832166,4494.253295738064,4192.220826942626
City_A,36518.14577894287,11477.620961775006,3941.0924129433997,1853.3796597947883
City_A,57432.64094022715,11230.734968026107,6481.663402462598,1749.5371742517193
City_B,51708.65438127942,8129.12259591081,6962.587190530795,2564.575636111933
City_B,,12171.964232350065,,3407.916308221705
City_A,50184.33933065393,8928.073109771904,6011.4630354083565,3347.811513355318
City_B,53475.81705361671,11616.11559656229,6341.475915530881,3748.840018488695
City_A,44602.40319690639,10734.574626802681,4257.515767461616,2160.211730144284
City_B,42216.95274597687,13676.367353590245,4514.694164632132,1378.6992959217864
City_A,51958.452550976814,9553.068035256296,6230.874513154735,3600.6099367115016
City_A,40216.27222384968,9301.366407763606,6685.01427870851,2420.262608924336
City_A,54082.52755714472,9961.160788224535,5562.880860174355,1587.0584949279535
City_B,32974.1639576216,9393.64043433145,4120.1856464979455,3101.544622171567
City_B,60291.55637325643,11599.8838038841,6987.061111699441,3555.2229817530742
City_A,54725.97482413043,6767.378783126824,,2914.560007515106
City_B,52560.29734313876,7892.635161707292,4664.862218828548,2679.5061296722574
City_A,59826.90983945514,7864.394156841614,5342.337834489622,2888.446437497865
City_A,,11900.615183947151,6554.160420714774,2740.592066319452
City_B,60143.7006501813,13421.22674516385,5853.975976552224,2056.367021641883
City_B,,9791.101562925058,5414.865500361911,2499.7235261066976
City_A,37204.23033264298,9662.356553619979,5463.288530118106,3364.89593350967
City_B,43751.81422304321,10140.104326226363,5043.514668643466,3225.17497896355
City_B,50260.91050210834,12323.756605216382,5558.139514518506,3117.641864176774
City_A,55176.59020469123,8145.293731618852,2470.439922305697,2303.3960627026345
City_A,42742.561868465345,10476.73796546957,,
City_B,51867.66764477079,11950.395259564859,5241.321934916781,1476.0544674900018
City_A,42446.170676466776,11002.18833987969,3848.985916380493,3124.933664719773
City_A,43884.82197008052,10379.163233197487,5386.32331781156,4000.2003954694974
City_B,35933.38903151778,12002.092185134283,4795.528779013878,1968.107507570526
City_A,40767.66753889096,4593.535414001526,6755.47569831549,2589.8506286775714
City_A,36483.15394383666,,6573.019725214856,3230.3747450970905
City_B,40241.267470226674,8691.848633745152,4534.194430881837,3876.9898440992383
City_B,60536.4179660784,6338.734206287087,4849.162288433305,2686.2427685898956
City_A,40506.01111168057,11022.405199049961,4926.052434391608,2515.4247695138724
City_A,76323.8206483739,12747.317090325916,4548.3405238403775,1621.7538003087418
City_B,54933.17900880889,9725.102970744616,5195.024984028127,3072.4066905156747
City_B,51848.36123694874,11905.749094405877,4241.71793111241,4429.453228100621
City_B,41416.422198187865,13224.55651597729,3869.3846650624737,3194.150923375273
City_B,57003.098794089914,12629.828907168096,5622.711223900269,2984.4047145714007
City_A,44243.62173762226,13279.929058742786,5629.529584221811,3225.4576175368898
City_B,51220.098146453616,11484.254982143784,4195.684240340008,2992.2355972359787
City_B,75600.84538268794,10150.867277803185,5895.3554307626,2430.889939417909
City_A,49039.401002753504,6796.068376205663,4368.422270834669,3576.2959409743935
City_B,61492.73326285676,9507.875023740104,5253.165238037981,3158.033066178228
City_A,42968.23574874113,8313.506809367616,5820.344012612456,
City_B,49650.115095030385,14341.885434995627,4966.387435296287,2317.243780905225
City_B,67708.0063563551,9648.228375135326,5454.740912141135,3912.4555523543313
City_B,43730.329422122326,10246.40961356897,4483.570356112428,3465.291921733177
City_A,68124.48557996929,11102.970752080935,4803.533416571903,
City_A,57077.51935455475,10087.204892744907,4794.14056911966,3701.277397577356
City_B,44375.332241057324,13390.102080861507,4253.421653459761,2651.700413130355
City_A,56324.07739055521,8754.701276531096,4823.225836884218,2452.597555242274
City_A,59725.5444962673,10389.214910474486,3451.3817011362535,2468.207817763799
City_A,56218.09962217196,8515.058828603904,4508.846252857896,
City_A,34297.752801095434,7359.954977558588,4715.124506630329,3330.079666292744
City_A,42728.628241751314,8776.46181818943,4743.82024750462,1718.1985851631548
City_A,47524.81364448495,9925.926405903176,4758.502554129222,
City_B,49255.665708999535,9141.39555096548,4938.235800139871,1547.0883936450268
City_B,56206.72097550678,8615.158040252289,5479.441518086064,2939.751215046375
City_A,51777.01000933254,7187.365072656332,5874.517074132523,2894.7756778096896
City_B,36646.556412898986,9833.78885474261,4350.234773151733,2771.312650769545
City_B,53801.978510059635,6990.559251937995,3796.7991446108554,2270.1956137305965
City_B,56105.85745283823,11520.111927379205,3957.9555877568973,2179.436372594352
City_B,,10164.879505869007,4512.7970788050725,3325.058904482602
City_A,,7084.897001070139,4648.078682183491,2614.6136478040585
City_B,58339.22154548904,9381.581845900273,4230.003933802543,3221.4508250753015
City_B,54591.80079228437,8495.687188818834,3703.8833357501053,2380.325919713044
City_A,49298.34288541353,10638.349020838361,4543.879172525812,3126.7439199397577
City_A,33390.39066484009,12680.90089204629,5181.426620113972,3912.2946261212446
City_B,54296.18219132586,6249.655060708511,5595.029465835565,3410.3160602749485
City_B,52076.87687163111,10230.052158294835,4442.576946891679,2711.3103272484636
City_B,52715.788371953735,9679.73440886672,4587.002177856566,3180.0392792491493
City_B,37232.514241796904,11342.680152900932,4073.3016911526893,2831.5343778288507
City_B,39189.43459591738,10426.393256475378,4968.560829625224,3005.5161292863095
City_B,60531.52853332904,8496.061336522362,4151.571365809185,2772.0722634960475
City_A,49604.44846143345,9361.892128666765,5573.1278132412,2884.965355880226
City_B,56815.006973726246,8407.948286393022,3214.133508065889,3148.4653471519227
City_B,50283.18376130461,12152.014277197197,4640.370327547537,2304.6489102926344
City_A,50297.561394957454,10042.623297343884,5301.107339191742,2288.8848211070153
City_A,59382.838059759975,13802.381371506015,5183.834516322504,2028.0202123181523
City_A,44839.552717826264,9878.678372370758,7693.033663980496,1879.810226847403
City_A,50961.20776940983,8583.186466179075,5349.800024567908,2147.9021154456645
City_B,45377.247112949575,6972.571214774345,3995.94540315799,3111.6237547628903
City_B,45655.03772567684,6393.7206474881095,4904.535752910927,2375.0487391556812
City_B,46908.278765313604,6831.72811398902,3223.7536665335483,3359.5301249617673
City_B,52221.337716337126,10534.253302022968,4919.400250703239,3024.2996241267933
City_B,45212.513783365226,11017.450046459868,4166.943942999242,1622.0470505933624
City_B,62557.56125573521,6837.6185959357335,5915.390275560162,3458.4829089551827
City_A,,11790.07662815223,4450.459725404465,3567.559051914197
City_B,48131.28355838641,9033.877896633121,4883.234084204753,2304.296127615603
City_A,45602.689417258254,10293.586023971098,4364.442158595597,3294.1340800264943
City_A,64469.77884353733,13224.441256510849,,2400.451233813561
City_B,,11793.678631731063,4678.757233882088,3068.3692637238346
City_A,60318.44539468635,9462.938704188335,6832.557043479202,2114.8511151315242
City_B,35144.39626963028,8217.615549169424,5814.151762118267,1744.8254832257962
City_A,52670.50265869259,5696.36919734139,5482.0667273353865,2732.027967270922
City_B,58896.30795623437,8561.69336151516,5368.73314731752,2913.3897376076147
City_A,50822.839892754244,9577.739522344611,5393.797298216252,2721.624214469777
City_B,60654.80375065351,8025.640945697633,3072.32742065439,2171.1786092442085
City_B,,9737.48606581539,4721.116605849244,2720.070656508204
City_B,64093.4744018558,10153.703765917537,5845.1579711843215,3188.5063268065137
City_B,72988.9812361925,9550.288036383843,4951.102816525894,2968.574878914224
City_B,46371.61439560341,8699.994838353081,3594.810153196425,3127.7507214194493
City_A,45544.97478599228,10337.309343933455,4947.595549422531,2530.919359682037
City_A,64533.84477117701,10883.881299138819,6704.105516255491,3820.2025403013117
City_A,65795.72145730713,7819.2018451143085,6246.891715534719,2176.6786644116537
City_B,44771.39972846732,12821.86475949254,4937.995990633968,3341.292207960703
City_A,45798.13182904143,9802.823735431477,5951.449277058086,3827.323765071973
City_B,47182.153911394926,10037.699245889695,4633.492979631948,3336.6356649242266
City_B,36555.49488965723,11416.428846513114,,2858.233041054619
City_A,40813.480535158014,10466.432262527003,4075.5340118704457,2630.1920673359145
City_A,39958.592332479326,11906.273267826491,6562.888768508197,3725.2613557323793
City_B,42322.024348958716,10574.248330403649,4726.006918170696,2003.9175523168287
City_A,49653.15112613219,8775.125250719124,4756.6160206249815,2320.9130177342495
City_B,52342.14732536521,10723.007050412203,4700.161803725119,2721.709564155795
City_B,65505.00492814077,7712.547585358676,6904.136589573007,3866.357630258399
City_B,40016.45959261209,10217.119411553047,6625.958915362064,3265.8373452286273
City_B,59843.223984765835,,7218.780233448134,2322.367969042828
City_B,47860.11155774491,9583.76628545492,4840.9547895999485,2782.7846062305675
City_A,49505.362903475674,9742.924977122138,5295.624488747095,2569.9737991325937
City_A,56748.194921666036,6236.301909004722,3483.357450579209,2503.1477054365255
City_B,38772.77978437701,8902.550184518077,6476.934426118274,3685.2226909897454
City_B,53824.09746184051,10185.68980228223,3832.220448732065,2039.779809515546
City_A,,10319.7127839948,5216.775563762629,4126.146599014061
City_A,54924.51264008149,7944.649718148084,,
City_B,52891.686439078185,12531.415681729402,4411.133173261303,
City_A,74553.00139910894,8267.650303570997,4162.7375689503,2675.9423415823194
City_B,43622.60015748684,11938.914401053473,4392.124739324182,2895.0414966446233
City_A,44690.03044998182,10854.38872374337,4460.877296851021,1996.7937298327015
City_B,43768.594735752355,8707.545380312395,4451.731205074923,2632.736315053238
City_A,44445.228808397456,13550.621785219024,5833.333911780307,3345.5583933502057
City_B,43626.128726934825,,3895.13720693748,3907.2441432469773
City_A,61890.165311075514,11838.308347220003,5220.541427013867,2224.9902282382836
City_A,64205.04247989855,12001.164636085956,6217.959152305559,2744.145844110314
City_B,44292.53706250524,8658.75958184671,4486.8036354866035,2894.0905458372345
City_A,41676.44426895771,12784.930600128657,4282.081109252398,2022.9475584652605
City_B,54714.15556386404,9499.906970802094,4769.475374819749,3413.9444692308803
City_A,44477.76955719029,10577.387258559715,6179.72520836071,2493.206767780174
City_B,56329.318177555106,10520.64367754244,5194.107630953357,2863.2267541760834
City_A,52029.230208513,9731.382517058904,4468.785705392402,2683.6354396616857
City_B,34842.55885002768,11621.616546319565,5483.876651188039,2447.463045996228
City_A,65475.052013300614,11586.977441104425,3897.707850163577,2995.068510163612
City_B,67958.77673095521,6502.936053523638,5681.359510442948,2849.0732950023844
City_A,43872.113095156135,,5408.607307701767,2739.6994824049343
City_B,46122.98440064016,6675.0160239286515,4692.191528861116,2490.07686482376
City_B,,12065.092408683315,4161.414201552769,3223.667269548069
City_B,53344.56789987025,12253.410273655167,4113.319077716543,4157.532087944599
City_A,56585.4427267283,,5534.81733634591,3097.921062987389
City_B,70102.0453876635,9178.37142409083,6228.980502489062,3697.28275043779
City_A,,7788.590663028128,4362.692252971206,2026.844652392576
City_B,42017.02755461546,9570.15793942253,5458.386703551484,3110.4330075056387
City_A,36206.807719854725,9383.931431628518,2912.972981397931,2231.8421767202535
City_B,42690.69960058081,11559.321064538679,4415.3822693428,1966.152550727669
City_A,49668.73027126203,12620.617492239217,4968.941067129098,2482.4400147786746
City_A,,,4090.3165830181665,3834.329534089501
City_B,44823.88700963829,8875.663946843395,4063.493625210404,3665.0110800687517
City_A,52237.87951638899,9581.556252510945,4332.220443531114,3170.1033054380796
City_A,49835.77103927248,6633.123615558099,5292.192728326373,1927.1096080770485
City_B,61883.93273448084,8388.259867007622,4812.670981593626,2862.603544028444
City_A,75269.32425873622,11929.703266194916,2761.768766675028,3211.1900062312147
City_A,44691.31227079679,13231.165647096463,2879.2998473649336,3122.8753607050185
City_A,,7531.302256240157,4393.134822142824,1709.344491563478
City_B,60441.60877069072,8815.07148169421,5457.686586053552,2376.77750638609
City_A,56818.914896263115,9947.188486082146,2252.4951572747655,2955.1455650958983
City_B,68467.07325736033,10560.322317639213,,3375.403636662033
City_A,55839.28185325964,8380.792960156708,4473.7521434825785,1462.7105252300375
City_A,46407.0790921294,10848.12208892818,6388.337778208448,2886.513217164099
City_A,55906.54830692309,9052.321305858168,4614.978188287137,3100.1341389152667
City_B,61087.03580582907,9971.095458243442,5382.988984740929,3594.728391961349
City_A,58204.82181197364,11092.5684960074,5141.257140087463,3485.000308966206
City_A,55072.74031107298,10012.844539621876,2869.4335201927993,3407.799923166164
City_B,60666.74689589154,9127.228218946862,5768.2072166317375,2440.041645308646
City_A,61692.95590445673,9780.78039214834,5215.396505456288,1664.3985040136847
City_B,63821.589910375274,9823.274081589328,5508.268639674589,2724.8630700570193
City_B,56487.09887589642,9259.977940235745,8926.237706436326,3701.142277645992
City_A,48328.81919683146,,2915.8870605014117,3975.418169267102
City_B,51467.13686433323,13197.294341009434,6724.696649761108,3497.38437160845
City_A,62065.089665083564,11121.838895882478,4712.552480599645,3300.538575961214
City_B,41830.64329012764,9409.03936394168,5287.328904403009,3265.747753870176
City_B,53686.733088729015,11393.908809021472,4954.487754698758,2610.7168772674536
City_A,46066.61187672639,9332.36102048798,4575.763666601956,2908.957794512466
City_B,50287.44822934818,12346.249275173283,4430.1670717612415,4168.348668078432
City_B,62784.51862607299,10739.284384396187,5329.508735573009,2340.2093959456865
City_B,51910.99068019904,9785.395711991543,3482.826303328321,4130.345153496896
City_B,50464.36548156149,10895.433851620555,5750.579167521766,
City_B,36401.43859020081,6858.247695863001,4583.805595114746,3927.802476366555
City_A,57462.53566027221,7746.465062180389,3869.9306609596424,2015.2294933517232
City_B,56454.841811410755,7612.1499872018885,,3410.132940815254
City_A,71632.5472330546,10285.886189527413,6257.149216862573,
City_B,46922.21765046999,,4464.664912983777,2009.3129656530687
City_A,52191.50327663939,14462.600292385265,5358.45361820962,3152.973829687662
City_A,52493.836837107556,11276.102202881515,4269.043724284526,3706.630252017178
City_B,65774.53279763475,11001.688949888914,5757.921849923619,2408.5409929845528
City_B,49047.04467613048,6397.884531694523,5685.507738790204,1950.6888276791192
City_B,52790.21525770339,8914.652400531957,6848.608833296412,2935.7086649655316
City_A,56078.96509716539,8424.432496183523,4824.436054500785,2938.7952698559734
City_B,51866.09123156358,8758.304803497767,5668.654804757906,3383.823739288149
City_A,45535.66385449472,9663.712362830422,5098.067539538944,3664.7161999551417
City_A,51940.899928983075,9055.818844605745,6295.871781863014,2958.409373109254
City_A,60736.317498597724,6041.4003792484245,4281.167612391269,4298.852320355984
City_B,39734.8470058894,11495.820512235068,5745.0053128772815,3156.9643211747043
City_B,51329.69674146876,7854.513948520387,4805.302703883318,2757.50144579517
City_A,42998.791850608264,10478.4937282223,4935.811822891502,1871.9028486280204
City_A,61950.46628924843,14148.165339499947,5091.752484448373,2816.1383357786826
City_B,34768.13095216225,8161.230816827153,5252.240396426678,2764.5291382122045
City_A,44410.78152728412,4939.424954507341,4883.770956878042,3672.213357397029
City_B,53772.11875064521,9427.991556239778,5214.7131831705265,3323.7385368467976
City_A,65655.2402923434,12201.919269997143,6578.118057562185,2174.441614857168
City_B,49342.497389270124,13916.694908441188,5985.449685615218,3120.578070487726
City_A,44448.00473306802,7540.900811095166,5869.154592496897,3470.071820210337
City_B,68811.5706944059,10993.398446473044,4544.460473976129,4069.621951571483
City_A,35519.86099583756,9069.379086439892,4110.759171771676,3621.2527771898417
City_B,28011.94043379918,9788.103291391728,5955.300558237753,3532.5926580180344
City_B,54400.14450053332,15288.68669403407,5876.046792529794,3042.0601962306146
City_A,44979.45775647389,6994.059343209694,6472.670675750982,3271.8184037964147
City_A,39787.671828692866,10507.479322989147,4396.01937403077,3874.653430494311
City_B,57083.56447299353,10935.386343530867,4770.451344639653,2067.055821764245
City_A,52438.00713771199,12171.572649878693,3360.515837474566,2755.3924709481307
City_B,44359.213692632715,10195.966306941791,4607.528893939127,2459.2018758706317
City_A,37196.956013291056,10616.101079008205,5996.570510579448,3265.407183108287
City_B,58724.573282801444,9216.702865156418,4533.504620771802,3861.1555229555515
City_B,56502.01177958661,,5640.479795200824,
City_B,49008.24136220617,9313.61544900518,4809.496894002189,1326.7869427713933
City_B,68466.36996047666,11243.143779712102,5324.05702822156,2711.445478482871
City_B,39299.15233673847,9260.779327912733,3852.308610184333,3639.4316124121847
City_B,34744.748290752614,10754.200787804373,5085.209449633901,3376.3409320649157
City_A,43080.919301187554,9941.474372630044,2008.8640290992766,3299.7303734674033
City_A,49544.13983644502,12252.100501544337,4813.103841838015,2804.004688687864
City_A,52433.394493226915,9897.212552823028,3369.52675628486,2104.6784846461496
City_B,47587.6394214367,6453.935063586237,6205.994516546816,3360.706025137127
City_B,53520.55396514297,12523.843001427984,5777.407352764511,2416.0027329757627
City_B,37484.60575809556,8188.535398274762,5466.670981966081,4528.86771336632
City_B,64437.646040732594,8692.46732270236,6521.00622715938,3399.3550458481614
City_A,49178.488216074315,8808.677411913015,4051.0834791751627,2593.5461882122345
City_A,61172.958315881275,12748.876186341635,6747.363197915558,2572.0303268279604
City_B,53427.253463777044,5728.651572042609,5932.191564260384,2934.9390553704884
City_A,54567.53219153784,16275.497067319988,4763.444712781054,2832.348654584775
City_A,55697.67280232204,12112.113618132104,6135.6201471829445,3781.783642870968
City_B,54477.08560017315,10446.47782825832,3893.7064875883657,3130.4913188208325
City_A,56427.22759867544,9890.211998767427,4175.485838472327,2487.85778276403
City_B,63291.52530132431,10571.108149715314,,4323.308479609048
City_A,51965.2116970147,11042.244856758676,4471.022291935985,3034.515832064156
City_B,57090.03757588512,11290.431171900114,3943.4423572397473,3538.187773178228
City_B,49102.64305712773,11111.208932006897,6223.0830670953255,2574.2414447886686
City_B,64401.17215449473,10179.161362510498,4741.145599630168,3254.1809394211664
City_B,43236.076979407306,9605.323159385347,5352.5049683568795,3217.7769938002366
City_A,68009.40432910816,9697.453432692977,4429.648633586319,1677.245495532693
City_B,49598.420493556565,,3179.396699451483,4410.692577322448
City_B,35692.248978819516,12267.540193734128,5270.057358391422,
City_B,51281.0441491079,11187.113444561724,3087.745024580223,2721.9632786978086
City_A,43189.483425251194,4119.222730671439,4931.365953914531,2228.4111816809013
City_B,58406.43548988724,11311.801553059522,3631.6849611671896,3243.2931296624865
City_A,43473.76020697609,10389.47238943755,,3060.688389590078
City_B,45538.165667852205,,5911.362722174722,
City_A,31104.59269054469,9222.963093822229,5105.753791271481,3134.104177335863
City_A,45476.936807509235,12248.225439972026,6263.706677654669,3354.3686925141483
City_B,25761.206733710434,11895.052924245716,4153.684022534264,4013.1139895742645
City_A,34160.97176514276,8454.244664352782,5543.479378670093,3397.6722435900524
City_B,57604.146561442976,10814.10457424907,5199.810433718713,2265.2411507630413
City_B,57858.001586508326,8056.686530917428,5264.02008133367,3953.7939968987166
City_B,54254.575617849645,7240.763670422139,6272.353500106768,4148.430194441801
City_A,40330.23856870787,8746.565550820069,5732.492102779803,5206.4397141584595
City_A,49522.8864385802,11724.786944765518,5288.723662825023,2213.5541767322816
City_B,49963.974609094315,11906.250090752173,3345.112563771704,3170.0174092051925
City_B,,11026.170840194585,4039.9537047205363,1542.5309077677089
City_A,65033.983017671504,11450.191573695995,4877.291066404276,3387.2044094654466
City_B,58773.62290575671,11032.356574229916,5093.3723742766515,2616.2597912832593
City_B,47790.35826170336,8717.036809554096,3869.7962753260763,4346.412056377467
City_B,50268.85838994531,10863.845089347882,7411.676675578421,2457.7695209869926
City_A,52083.82807947553,11600.819050455364,6516.394055253573,1817.571873422917
City_A,29582.651315757095,11508.582659627149,5602.118320392484,2670.115381508236
City_A,47528.22617479403,12377.826742949286,5072.036861283745,1617.1585601480037
City_B,43180.15752002201,11416.607694402128,,3525.7696181551173
City_B,39983.79990105084,10702.896415083165,4048.0815399777644,1554.4418676205755
City_B,47188.99707114045,12140.300476632856,,3019.9203068282113
City_A,67976.86526849522,9946.95748150188,5257.752540142751,1545.5317261006624
City_B,56408.4286126701,8236.250697544565,3758.239424518376,2775.7915368243507
City_B,44288.21010217203,9673.866072112472,5334.1764172448975,4150.364709063174
City_B,55725.827813561584,8510.194710387103,4844.740951175251,3252.4535240050564
City_B,63993.55436586002,8649.643450051237,3092.192442122609,2395.5544765245463
City_A,59246.336829127686,9710.962658568964,4139.614989220498,2978.157557742641
City_A,50596.303699201744,8415.160158000077,4586.394466578356,3012.6118104311126
City_B,43530.63222294426,9384.07694072192,6887.6876573401905,3330.841242090384
City_A,56982.233136135896,6212.770666092429,5556.553124533758,2043.1991457034214
City_A,53934.853854217494,10426.587414745878,3664.518430900109,3414.7970916931313
City_B,58951.932200277326,10002.410950724448,5486.036289417637,1106.9258578780573
City_B,56351.718016819694,8365.822737863618,3452.6960110616346,2559.080813345333
City_A,60495.527153193354,11318.49133686481,6082.691053887073,2658.2083102839188
City_B,44647.64788439432,11875.140275253118,4528.875348182121,3443.328778249867
City_A,63173.94065634326,6784.880271262052,4906.36381126083,3015.8415968738086
City_B,51975.996046923996,8474.550442867572,6325.79664754219,2016.1058623005993
City_A,70752.60872625266,8461.715300425403,3712.8364314157498,2310.5048119280896
City_B,43108.12181910432,8120.193797782271,3602.8818148870087,3139.076006683185
City_A,67359.63803165249,11658.949683863497,,2944.6528606948104
City_A,51979.10783462648,9612.347722454393,6038.378851019317,2594.6131232549774
City_A,43485.819963855516,9470.970317378778,3480.653924523158,2663.4163473416143
City_B,45161.141659456785,5992.275271186493,2167.844401889431,3487.3175980115025
City_A,46796.5269180568,11270.836060418453,,2637.6151989915497
City_A,54241.65946401916,7521.483210293055,5551.74079991092,2938.3361291796487
City_B,55228.35488035499,10119.865260532657,6200.261749738829,4518.95561165638
City_B,44262.99996061421,10554.753875916384,4536.838637914601,2003.422154181254
City_A,49756.45407739017,,4588.573392883997,1703.710087897739
City_A,,7382.359201761776,6153.900734255747,3548.512765359025
City_B,,3960.9756883583495,3130.2583003045793,2524.9498570941278
City_B,54363.23669674032,10367.69908950739,4611.479224816991,2777.2337305801657
City_B,50380.034781682,13601.022363021708,,2453.19053530822
City_B,51200.31326718261,12477.892705878874,5449.218721285034,2818.1399014627414
City_B,56135.17972730417,10419.318830549251,4490.1933068091175,4118.976678467439
City_A,39772.07434801594,9016.727628735905,5034.441011705841,3561.4899210326835
City_B,47426.23462576655,11614.24519327462,2511.6726465870106,
City_A,33314.15926122411,8052.907600591063,4341.751587666152,2008.6410609451482
City_A,53992.23122605279,10952.715538712439,5453.508712554468,2194.1923844129915
City_A,56471.95939702741,11010.940318333254,4017.7059657453206,1012.6449383602012
City_B,45168.135377006256,12120.41981499776,5058.984221589597,2433.433425242072
City_A,65739.86763290034,15519.320077822154,5446.872500802698,3669.692230469961
City_A,37742.34336997659,10784.831934357535,,3361.8625610238596
City_B,35356.2511979018,8982.072748585002,5170.463770996571,2844.9407159335133
City_A,52244.51818559972,9948.851375616012,4037.267434715388,2984.389801397363
City_A,60470.98302612155,,4793.388720303953,2517.780120197216
City_B,66839.27691457869,8610.573737821884,5610.216169589223,3143.3312176812487
City_A,45411.1573713106,9181.435123773792,5156.972960968435,3536.1147956364302
City_A,60786.808334312955,8951.823204130815,4413.468730436064,1868.8792488126692
City_A,49614.91530499293,10304.709744067444,5224.216404290793,3209.7533814861436
City_B,48273.7270005918,8355.1601352356,5714.609790636618,3652.704409668267
City_B,,12242.061334648943,2950.058721422522,
City_B,56523.2287841342,10000.414129836394,6159.0740649558975,3490.4904284844088
City_A,34236.078430157504,,4663.745261318928,4970.258111130787
City_A,64765.40349725896,9344.210566974165,5425.48993324023,2926.960044909176
City_B,,10310.381367717959,6197.246923645228,
City_A,43744.37298490471,11650.19652933527,3628.326302769534,2483.3600414370258
City_A,53958.03533437409,,4290.558997572453,3126.8758138214353
City_B,54940.301862827386,8683.767021849486,4711.451304124295,3322.1901374876124
City_B,52606.73765823907,9392.54794244667,4216.2464788755715,3136.389638189097
City_A,44496.9484615458,7308.25815305357,6734.9365758368085,2286.2132762038004
City_A,43283.766320619485,8361.484280557004,4143.227906173207,3144.4532399278155
City_A,49744.45929008555,,4444.453220513134,4023.5371571023456
City_B,61727.290192593646,11748.778361425455,5204.3890316029765,3314.045035160169
City_B,55436.001545944324,10525.12265800385,3797.850473923911,3673.3910323502887
City_B,46293.85667913894,10387.179822735088,,2834.0916209911607
City_B,57716.987106483444,11701.795924335944,5317.453261250175,3524.930167596597
City_A,21514.573793699245,9725.256423201206,4667.139595617488,3195.487486751568
City_B,61487.65700372103,10780.92969985778,4906.6131411000515,2334.3624892189378
City_B,32602.862212219003,9793.556494135008,4470.667887551629,3222.9647033592123
City_B,46375.590585968675,10530.724698799257,3485.529690819233,2305.812335591783
City_B,38803.30105373856,8834.482684776836,5321.593211339238,2556.9838075806456
City_B,37053.18524279094,5122.365683447142,6754.933071647241,3132.529815104662
City_A,61608.2678737852,9731.441675627391,5018.401630783438,3208.0709913660867
City_A,45322.98798688109,12845.49627219988,5225.26411724755,2167.5372744460096
City_B,53465.038817307155,11852.430804483185,5692.72275511686,3737.7900398280135
City_A,49530.79421120816,11930.794969182341,3730.669503453301,3400.404394810331
City_B,54770.408272231216,12472.261443612435,6702.514658129606,2506.690095072381
City_B,50768.218910602554,10177.315181922875,5202.328796422802,1923.6906424855772
City_A,37170.077758114305,10394.63141481119,6631.856899089109,2898.566794642998
City_A,59962.6681944714,8764.6962091313,4266.9670044760105,2687.8394002971877
City_B,45062.43416838688,9367.8542879459,6818.061922557825,3079.198319937116
City_B,34434.181013402485,,5775.155494034783,2745.8183371911036
City_B,45718.84839034088,12407.768874337633,5553.040085852358,1594.7801974784932
City_A,,9721.107448638,5234.024454353148,
City_B,58502.21742113493,9099.621470297177,,2786.066622252181
City_B,46513.47865592141,10001.055917713195,6200.531658473872,3443.562717341841
City_B,46507.42295681571,11202.41349785823,5140.359869848047,2511.2602277722654
City_A,46783.64948782617,7112.290367732916,3032.930296412848,4175.072271360797
City_B,70767.4798356084,5407.6380937255235,3882.8135382929977,1661.85161454377
City_B,53819.35452231553,8898.926301016832,4814.154247807252,3917.817248461837
City_A,54300.4164719107,7558.575148171683,5309.998983165555,2842.9767203853266
City_B,60302.83454031842,8983.719604705379,4943.411511100104,3601.7094106404893
City_B,,9704.439362365058,6218.970789793663,3055.861038841113
City_A,47409.578541792966,9093.503181953973,3048.8981359613754,3797.6888752178284
City_B,48036.501509150214,12904.935068941491,5143.5879365051605,2728.846624813032
City_A,49283.98740585936,10653.48952920464,3182.0207746128453,2230.9657023755317
City_A,49627.777634901584,10600.948719221657,5759.712295484169,3994.3530010897443
City_B,57276.2954363698,11244.414288086804,4905.541285557997,2920.563547882501
City_B,50519.458858073,7722.333764438462,5419.609972024118,
City_B,57326.400772155794,12078.223574840536,4136.117039410234,3864.3263398313566
City_B,49192.83419891418,9848.47142692908,6279.464931657751,2277.6313305338954
City_A,50786.3519031609,11340.961234482425,6041.724664058851,3416.8436283474803
City_B,30017.993154678923,7856.2855339196885,5583.544303011888,2587.0736704759765
City_A,59163.276747024815,6892.482467967871,4870.482753136559,
City_B,53464.884758979926,11635.779316050057,5579.857285295132,3050.595275769002
City_B,59980.101098596526,10752.819052195033,4293.107432012651,1949.8446969871447
City_B,21037.44621806311,8195.89689128498,5855.5556590207125,2454.8140700256954
City_A,,8260.673837450611,6649.48089432392,3945.7510246891975
City_B,48604.10371844826,12250.86956882954,6070.610559979186,3620.333832009357
City_B,61081.82816737516,7621.176214265344,4270.39753019259,2956.1522958709356
City_B,39600.940728744696,13285.345906511928,5361.4173172731025,3170.1864209590253
City_B,56127.7390506257,8198.758530704263,3706.8584562413525,2794.0302460544794
City_A,39465.84436826344,11276.783851216765,5572.390311175675,3949.6083700795875
City_B,43762.310393041946,9342.76304850203,5450.603412862539,2859.7531955440854
City_A,69140.31353866786,11206.374862164686,3130.1836604678356,3162.2894644943935
City_A,48093.17599236654,8911.771995771614,3838.216156087636,3802.2211008994454
City_A,,9674.414187855411,4716.861103256233,2455.8399606078656
City_A,58700.67730688754,10081.838350791442,4699.140252859173,4091.152429147826
City_A,54956.818879726045,7995.625088437055,3790.5230645811944,1928.677013179636
City_A,51504.189051435766,11481.648690840251,5388.978729352184,4140.749491778959
City_B,53649.61002466225,8973.57286705683,5251.473608940512,2739.1270912336176
City_A,74034.15585238276,,4805.730868021481,2830.1108765223025
City_A,49423.81202966414,,4244.208499841637,1676.99288017194
City_A,52010.99046714968,4875.332682409379,6048.707126416563,2681.643697835615
City_B,60506.54396007612,9617.944474799662,,2272.135428281181
City_B,61055.259329579836,14825.230843225832,4516.438516153463,2574.647558238569
City_A,61870.3030556038,11569.208575796049,4387.833082845179,2903.8823239477842
City_B,56387.302220291844,9961.479240531211,5491.2076654119965,3670.4541301310337
City_A,38569.95087269516,9474.218341583464,4641.970620253014,3145.322345980438
City_A,66334.31532301096,10044.931785624092,4860.602799336766,3215.3736573807796
City_B,38536.54606981312,11094.23823035042,5739.653151724671,2233.1364278081064
City_A,53026.354652390335,7638.374369382311,3090.6439124927074,2383.4721372780887
City_B,42457.24149980642,12228.643389337743,6318.30232485267,4259.107512845918
City_B,49358.616534070075,11430.762630882487,5072.680524329341,2485.359275665727
City_A,53287.6241030348,11436.37145141587,4588.5068554378195,4159.345776440106
City_A,53213.57215450273,10876.951477619454,4910.765845778551,2829.8571607833933
City_B,54219.207542352844,10039.233315387979,4962.429355020518,3001.6015553004527
City_A,66137.11269058647,11345.72247193364,3268.7986965550745,3749.255612160951
City_A,54535.3430151398,11183.628267482756,6494.938227453236,3890.3246953570597
City_A,47558.433647093516,9291.918578117953,5041.325632270618,2922.4312078046387
City_B,59640.871682883575,8852.796454206198,5443.002130447375,2728.2298625349226
City_B,61894.70488924641,10203.712590523974,5951.549770574043,2960.8556860344506
City_A,37723.921848630074,13098.040302990375,3978.8375424397,3236.570269762483
City_B,55974.00069849858,7521.785848692198,5473.4718990352285,3623.912580808829
City_B,57011.72742310898,7064.9494684951205,4732.358909101206,3002.9609012959063
City_B,47024.364966400084,10329.521682473034,5846.770775216493,3433.2204086162074
City_B,63757.06813311619,10101.775403712036,2872.7725796485047,4146.851812589659
City_B,48499.44412967473,10346.683328740817,,3266.916728585349
City_A,51255.764534715425,10487.906395817,4397.179344216039,3218.1569992033446
City_A,48269.281757161305,9553.59549073039,5432.2629506341555,1936.7624224369526
City_A,50155.790475814676,12979.726877204164,5470.044187368202,1158.4889042196555
City_B,39037.24913104798,6798.192043046969,4292.374105177974,3271.863010461118
City_B,35599.49117405705,8343.005950439509,,2933.6230381033893
City_A,65945.05063224972,9793.490479701904,4889.334631442671,2639.6521275596806
City_B,41530.386516816725,6713.622377691665,4103.357772684792,
City_A,40086.076505436926,9648.291191135857,5841.983695452127,2957.717389562164
City_A,28466.098863962852,13322.940331456037,4630.792799552554,
City_A,43610.38252310498,10041.772976591923,2093.0117806783587,3060.2776077812846
City_B,36769.10206592502,10461.401811437367,4625.177943378194,2477.1537004508828
City_B,66420.15160136369,7479.6704696548395,,3693.1163672715024
City_A,60098.170893426344,8767.277183921045,3368.7241845390545,2848.0082475376585
City_A,43118.49654822276,9249.607239352126,3762.5733617774276,3368.575678570615
City_A,72524.35805344308,9364.569806487532,5109.4084718329705,2665.8125056650397
City_A,59817.65486991595,12563.287590007538,6328.640828248232,2545.1211801517948
City_B,46751.68616491377,11115.38212145025,5313.18447386498,3058.9177611299874
City_B,25005.94285126427,7777.084086125937,4393.4966117842605,
City_A,72909.42572590742,10493.00955686401,5455.904195170702,3335.878924756783
City_A,36104.275332364035,10996.44349699357,4540.909689781009,2811.94797268318
City_B,,12280.298077042533,4305.399630836855,1714.548151360722
City_B,60225.7043200964,13161.081373136747,3845.637331767016,2697.058281488128
City_A,74397.52406339273,7969.811616344263,3248.171193248281,3555.672927000671
City_A,63842.72818510518,8378.284977579324,4610.076293440555,2791.8367445298254
City_A,55639.091200523595,7484.844282170768,5158.053489920132,2827.5316182398165
City_B,55947.54341665286,9531.960281786038,4903.376329985111,3690.463554134156
City_B,58534.15558780308,10932.71674889267,,2501.618740918754
City_B,,11974.669033178205,4054.253939303219,1920.0377472299701
City_A,52811.91423969376,9848.097952714954,5608.246191684969,2887.5582163321537
City_A,51042.01103951876,9360.304953490311,3682.868080053415,2661.078234125884
City_B,49374.068721004776,10303.51598449748,5776.027913843475,
City_B,42460.35411133324,8329.714196739955,3997.782981073275,2877.2350808709166
City_A,47193.24923133226,14179.077443389546,4247.564762646965,3344.0539530727483
City_B,33070.43185804614,6784.677945763882,3533.214809384323,2993.498006902529
City_B,49016.6037320525,10369.48115779145,4498.597853114364,3214.8867508803664
City_A,40114.088928490826,,5975.312458477979,4269.385388960796
City_B,38964.10682784229,10013.599689119996,5515.628088443957,2759.984796909705
City_A,51798.94151153479,9619.921929997012,5978.422112028035,3194.8440442512688
City_A,63920.02286344599,9285.109154379146,5522.142545933936,2643.550646180606
City_A,59183.166060023126,9639.216636475185,3896.330171469631,2407.548196079119
City_A,34294.993963768226,12745.69694935306,4669.210775672443,2590.564642607561
City_A,40103.71863429662,5576.276177340987,4219.800870882537,2664.868999934818
City_A,59407.71187988216,13066.867402592652,6330.57490403904,3251.633058282988
City_A,,7152.0856950997095,,4644.35305069053
City_B,47753.66850002975,9466.695341531171,5893.697689389111,2498.7695946069116
City_A,55500.52099024552,9141.511159402677,,2708.362286069176
City_A,40316.555451363645,11177.106539541439,6829.620201716087,2955.8138908221263
City_B,51053.7550614596,6803.751296232505,4590.313407370502,3277.059194096823
City_B,36659.74505081795,10924.345332163886,5712.322159580162,
City_B,43986.323560487865,14048.619246573704,7281.651836538843,3898.867055763682
City_A,53197.81934142537,7273.651990814379,4382.3583230663035,1301.5255506253543
City_B,34070.06266468331,10379.412335220792,3464.95975246764,1329.1490908630292
City_A,54404.74737960399,8676.035644406782,3119.9899660922365,2652.8852795928956
City_A,49803.62201073319,10851.774412386072,5712.712028861331,3768.110131280596
City_A,55524.89954417148,10038.295554831504,3116.8497919414162,1904.0463778760825
City_A,52239.141340646616,8717.02618191138,4627.680947062077,894.6573622143701
City_B,63641.40429973844,10975.744569742148,5437.313187038961,3399.825584353446
City_B,51252.245026479075,13608.696219573487,5185.175536829914,3170.5600565919003
City_A,45705.94458874747,9618.192416545402,5425.444864184172,2236.854115240399
City_A,51222.975030322836,11439.515884296365,5222.289855800854,2310.122279495349
City_A,55432.98029036388,7413.454084257673,6278.865813313393,2321.1793962557276
City_B,50488.60070325704,8087.1272463639825,4047.683619261203,3077.374722231758
City_A,50405.916912038825,10944.812555760755,4323.004861541469,2561.579306671895
City_A,42980.08312193245,12968.23205707193,4227.340554729176,3345.844743282864
City_B,43370.99082449052,10711.22669757132,5830.19181186261,1001.7613359669263
City_B,35973.947282003064,9373.883938953692,5900.398588395064,2400.2036944105403
City_A,67495.76743186939,9998.582810846709,5451.225319318508,2211.7622273622646
City_B,37561.36764608715,7499.184532060564,6183.493666889928,2820.5615251392555
City_B,43070.948022040924,11209.030652710733,3821.9591326236196,2623.3665690569032
City_A,42815.927344308024,11764.666124646817,6667.224111551137,3558.490645927037
City_B,58949.24376944441,9095.819334333839,6523.2386217122585,1698.4642598379598
City_A,47050.50321707972,9059.915704480996,5735.621997245747,3031.8440334315264
City_B,62477.42072673734,10531.756459304097,6781.79890877106,3390.835496248194
City_A,43265.09375756131,9126.56052791881,3343.3767923222263,4299.6532055933685
City_A,52789.94162223802,9867.734770748355,4475.551863737348,2662.7638202345674
City_A,41646.529467402426,,4264.696539318048,3227.121023046762
City_B,71451.49127773388,9505.948598508006,5721.479323757343,1737.2960452063446
City_A,38124.01580970487,9283.319695957556,,1325.6306569808833
City_B,53098.20710227027,8704.916388729682,5757.495149337486,3591.34206304719
City_A,56337.76880932099,11488.383942999873,6370.536143996714,2996.1077944463505
City_A,54137.990974514985,9637.551653563794,5695.202900083999,3824.958882858896
City_B,48147.123411222914,8701.253923357148,5283.751023661501,2038.6179777211755
City_A,48701.79300266574,12642.608064546024,4012.126659099251,3363.9314976701266
City_A,50438.1147197911,12839.206009027275,,4308.172488380697
City_B,48529.979983715115,8799.15286852259,,3293.793925850086
City_A,59638.79116794909,6266.920097278768,5779.349003905332,3193.607053913734
City_A,72105.23001591352,12015.027379673844,4960.980480622456,3005.9892565770447
City_A,,8630.740348479992,4582.0904542341095,1900.3829800118615
City_A,36301.970204209225,11581.251198325537,2974.192126888623,3948.9010549972436
City_B,,6059.792364576329,3929.147581315561,
City_B,75797.09337654318,11785.194676598618,6911.419087139723,3353.1382794681117
City_A,41963.254320302694,7577.656141438438,3719.544428997533,1905.8759854001225
City_B,66391.16805444067,11461.528238133049,5189.479821221081,2174.378234844554
City_A,66777.0081407644,10028.546135672868,6007.443973195199,4004.561179455565
City_B,44464.11758292005,8092.12116120671,3745.0773319977075,
City_A,55689.83079185276,9185.927374146439,5184.710474781084,4017.292833229781
City_A,66283.96623128538,11372.636913913402,5937.915537510655,2945.2385386590377
City_A,46208.72259012513,,5012.49932190725,1710.6715589294997
City_A,47964.19639897638,11168.825960944969,7868.4030556667685,3624.447319812204
City_A,44183.19086051356,13952.88116903097,3331.4007411218045,2587.0753775710746
City_A,39852.43269307133,6871.516776577897,6058.728529883879,3489.0821694619303
City_B,43507.22454933993,,4827.198262603536,3017.6476072780574
City_A,37760.59733237744,10208.711875046425,5771.9201548366755,1919.8172404399907
City_B,50340.83468259226,8202.431903353743,5441.307151699246,3115.0063357593986
City_A,42300.26768941358,7339.372748522021,4266.843802890004,4537.3561995069595
City_B,52337.85911790748,9621.759218445934,5228.99639245934,3345.0905209601215
City_B,34441.04353796373,11843.300223848919,3142.0985486017125,2959.7375728961756
City_B,53308.80232214457,9744.90175924493,5603.247500571394,3752.7403813698284
City_A,58335.28961608925,13022.309860494695,5298.158465990526,3147.4679256421778
City_A,30062.643574285445,7097.648619896882,5638.660168643102,3146.673961183956
City_B,53740.56569847572,9975.82210430789,6058.11832508715,2235.862379488628
City_A,62276.68992473292,7495.213111173762,5367.619840209711,3163.693618052719
City_B,37903.58981308794,10727.263765249936,5148.089419798276,3724.8103914918615
City_A,,11773.7747801946,4118.931663338708,2414.756493529983
City_B,54190.19009366045,9158.476412637894,4287.779236350949,3997.1470748728634
City_B,42949.88144241591,4791.572286745732,6186.734620177331,2935.8057830984117
City_A,49442.30922342294,10397.896293592989,6436.335405705979,2378.5613419230217
City_B,55583.26912521722,,4761.889563687946,3698.3424538441714
City_A,50760.05391412412,,5046.002747253274,2799.2440349832113
City_B,55387.55992446369,12471.564383644309,4095.385625006234,3531.6604212402754
City_B,40793.264069206336,7857.892640701903,6172.756845267445,2795.768957419024
City_A,51693.60824036078,11360.432210900899,,2958.1216995290674
City_A,35862.8550309502,12385.01502495595,6941.217436463749,3345.492143034004
City_A,48887.739386513,6442.824831986966,4121.676922820261,3203.6279403130043
City_B,,10639.303651837954,4621.992100981783,1603.127753683783
City_A,42644.70057410233,8991.640337984656,5231.445922525572,2215.1293819339257
City_B,62360.93175210437,9836.954653796709,5646.489537725771,3650.586989353571
City_B,60913.10120594269,,4784.332362452367,2907.504387768917
City_A,56091.38120907177,9025.542871772896,4127.0389095463,2633.3880880600045
City_A,,8648.583841676777,5881.407528923572,2048.9981893197682
City_B,46835.91550305198,10068.304834976048,5721.135362545581,2244.184575106906
City_B,62130.976999791834,7825.508122274395,4083.725899436275,1584.7409520266367
City_A,51417.16913639905,7828.34974222963,6355.442801105496,2929.103496908927
City_A,73193.29539981694,11358.746565913007,6170.198709196604,2581.0936935932673
City_A,53933.178393943715,7702.411929682688,5134.296497247793,2323.3884763102797
City_A,51920.49116490032,11332.625001818424,5079.597862376037,2952.3136023824327
City_A,46908.83535797499,10925.182585707902,5554.057771115908,3254.7794415969165
City_B,51335.409047822825,6548.386542418806,4138.296929743742,4465.238552546962
City_B,48475.30163619456,8644.87069532869,5030.031479164082,1941.6816063057504
City_B,57081.08676688591,12388.218806094745,2847.6164553908197,3811.5667303103655
City_B,59567.02316794584,8037.668937720637,5876.455645502936,3681.1710927105505
City_A,42140.10539492051,9071.191475381225,3438.5067775581406,2454.63508243631
City_A,36687.67046442222,10924.121786503792,6503.419828428999,3142.265168210222
City_A,31637.946268967033,11566.78101856519,4669.87990603355,2679.6567254636693
City_B,55079.913269125434,9496.922227911009,4788.333018068824,3129.982006293117
City_B,38966.33393826126,8804.979610616716,4372.266093915494,4056.391709383185
City_A,28471.09407047517,12844.739723397015,4711.961126077924,3423.924362841919
City_A,53885.786045309644,13477.799327595158,6418.531345148036,3356.0258612634093
City_B,74929.99517432791,11957.71610156359,,2698.7834760317505
City_B,49939.29088460107,10170.636285130047,6276.965386088188,1961.1603345529654
City_A,58384.907744516415,8383.468556718148,5338.023481101708,2854.0722526217146
City_A,50818.29358547565,8339.11118688687,3792.9783521427844,3844.6257084047406
City_B,,11045.028210531515,3924.687606950762,1930.9825003872468
City_A,59190.764829877684,10836.796441777367,6676.393027208203,2261.4374422763135
City_A,47097.254558113484,12803.19718589286,4054.4931200572687,3088.3874153638476
City_A,52673.92314071903,11300.900185072278,3846.6494894040407,2310.741650606916
City_B,53216.97806196014,6993.839396480364,6137.314542364729,2445.233587019351
City_B,43319.09546356951,12103.895235445838,5338.552876285914,2703.480992790276
City_B,59920.42349536523,8003.878745371174,4062.0744234636013,2044.0678170668953
City_B,48250.402433045914,9232.057456095297,5216.624975404619,2318.114707648542
City_B,42442.54840507155,10500.40041250339,3974.2473163597224,3492.399541751116
City_B,55365.098435704036,13991.334979567928,6100.821398422605,2084.8411524383255
City_B,41015.32018208963,16219.837112010722,6061.370964873134,1881.4895058536135
City_A,50281.81157369128,11213.446118272366,5532.006198821943,2558.9825143262738
City_A,49908.810033557966,9633.606762559224,,3512.368851756892
City_A,60858.95565831578,11069.0112969611,6761.1881248673735,2862.1547344021774
City_A,54746.982328799524,11775.310851747672,4999.686327388225,2674.793245319067
City_A,49749.73041254856,9358.664748885616,3818.125874579199,3031.051158260925
City_A,58177.66299200287,13590.422711824645,,1778.0047969982436
City_A,63902.075490173134,,7086.047049537114,3346.293957642523
City_B,55578.103063518625,10995.48617818279,3985.240506814148,3268.404521982551
City_B,,11331.848504108922,4638.537233306014,2713.484068132995
City_A,36881.6376764984,10843.173221228912,5416.446038101452,3704.1471582574914
City_A,39348.863369246275,11677.881000939224,4946.095150994261,2210.752730732873
City_B,46947.752956453325,8765.493626906155,4017.6964196226854,3789.5362952774985
City_A,43904.87797840717,8883.396492107939,6121.857856230471,3108.145565916676
City_A,48130.28697014554,7799.69153405661,7320.040722017259,2764.4131870852784
City_B,50566.49924897107,10879.002461240452,5196.131459023907,2986.0884552421817
City_A,55296.927543567304,11557.873007024227,4095.931710264,2924.9146639323408
City_B,49295.01221940909,10915.545732303772,3451.039474946525,3854.1980274924017
City_A,54865.01643826202,13348.984866695075,5257.9759812211805,
City_B,50644.7441481012,9988.807962341907,6103.877343316258,2466.2365325973815
City_B,30245.33433646129,11337.483311185026,5475.167746495382,
City_B,40606.646061812455,7816.598247721371,4997.596159081146,2583.1255453712984
City_A,,9225.800595051198,4410.728348210694,3630.373154132114
City_B,37903.05257158892,11391.075515131555,3907.8363672819105,4189.605188106097
City_A,55999.287299962045,11698.204221486289,5834.751326324882,2718.7434811408566
City_A,,9412.066104671636,5913.771621385586,3476.9536286027137
City_A,62187.61851697317,9856.801496283866,3454.270213309267,2192.4154030620994
City_A,47865.57129069792,6964.2525066383805,6589.838978180684,3528.3133086474663
City_B,64907.261368499516,9285.941598386782,5574.071220894001,3139.596790190737
City_B,51486.67457202112,11780.766327039571,6399.594645145793,3331.1267975121505
City_A,46629.14028881961,11150.410032213133,3657.8722515148847,2548.0995495752236
City_A,43865.9733645906,11001.33144276242,3634.175844584561,1837.2416091029793
City_B,46975.30313511872,10099.54737436192,4851.030690232703,3352.276445324653
City_A,46118.231814587714,10014.126317256352,5502.784426895194,1555.6177932643818
City_B,51704.16222375488,8679.357721053106,6796.360822926964,2777.8546554302256
City_A,51605.73981049865,11397.65684040507,5706.078913815131,3658.8273064939785
City_A,50030.460201534144,10841.94588877878,4757.3187231879665,3134.328415111125
City_B,54369.3816974635,10984.037695985598,3973.630792334108,4363.839851352869
City_A,,8947.93031466484,6230.00057271915,3717.5764068072413
City_B,,5693.3141602575115,4035.2945742492852,2542.2711281720967
City_A,35151.020315500966,12194.30542350739,6628.468554772322,3019.119365896007
City_A,24460.788650980452,9042.325087983192,4715.615350393491,
City_A,59343.19911239274,8274.448471913758,6590.58207261785,1892.4762656577109
City_B,36331.21301584579,11386.957823827986,5678.931290059279,2341.7207584609528
City_A,47752.345981073166,9215.974720161741,4863.004510557542,2607.467365114098
City_A,38298.86973940641,12119.872768093244,4480.603628173873,1574.6456480008444
City_A,31980.1956241998,,4659.09212265392,3033.24542777615
City_A,55414.62728204788,11367.138646400956,5428.316692375238,2825.6497087428716
City_B,57591.55160302647,7268.088577598932,5077.156496217717,1828.974269081898
City_B,44234.8959927328,12423.887970772801,4406.1885919312945,3282.949005694132
City_A,24089.5770785509,10522.501062467712,4834.368589682368,3501.110921283672
City_B,44537.55551747517,9261.445721507594,5078.57702971915,
City_A,53918.04005402546,10286.776934684502,,2773.152277353721
City_A,35210.88431225871,6447.5295342033605,5458.168114788698,3414.0095062262985
City_A,51833.599197791555,10817.305622961341,4020.278775283193,3476.154252333684
City_B,49846.90150827004,7941.256983635857,3846.6675967942547,3215.182498803782
City_B,55792.914996010884,7294.659428312931,3312.6556528892897,
City_B,51195.80368414153,6955.281627564218,3206.1075021321094,3193.6205358578263
City_B,40269.31059118445,12225.37674997985,3644.5524968877107,3836.8364555778353
City_B,61965.715016644914,8741.473212614423,4290.979042369509,2582.359658971789
City_B,48414.7042697303,13067.455419832999,6953.259137526568,4468.557537392702
City_B,,8928.397073895405,4474.120324104796,2632.058346210231
City_B,40667.32040926804,6585.284084814106,5177.750106268031,3022.684909338095
City_B,45567.1774880849,7766.951120102682,,2529.260082795565
City_A,41151.97285973099,12471.623240013878,5131.065186215848,3156.2895851441826
City_B,48270.53940076577,9688.203644126665,,1780.4448151553074
City_B,67117.08480142344,8903.425407018798,3804.706236400755,2617.770740828295
City_B,36280.98857068644,10320.036451705575,6450.927548279212,2235.515159756003
City_B,33864.38602123259,11003.56547233509,6807.196643637885,3094.7368435246035
City_B,64711.70327493609,12234.797631804922,3317.341305877314,3696.1131628562352
City_B,47906.76322848134,12896.998459785853,3975.97140911362,3452.204330980186
City_B,,9280.462708421828,4720.189657622994,1339.8384473987753
City_B,60399.04687396076,7347.904627835924,,4429.448757049517
City_B,43943.84460263136,9173.069677753449,5505.965553455865,3206.6959584346077
City_B,68260.09713546936,10520.561013165772,4271.727797593387,2456.4506016549
City_B,56779.25871339269,8072.4821475787785,7165.056067806603,
City_A,45120.885918542976,8085.698170209915,6190.548594343596,3123.332875751885
City_A,71573.08213265504,,5212.574030632215,2533.2058981339055
City_B,43942.850769966615,9902.695296859098,,3138.541667139453
City_B,57420.95372009307,10065.593990823172,6105.900424357309,2574.769398665785
City_A,52992.92580406492,8483.009330599862,4436.052511941757,
